Neck_Flexion,Neck_Extension,Shoulder_Elevation,Shoulder_Forward,Elbow_Flexion,Wrist_Extension,Wrist_Deviation,Back_Flexion,Task_Duration,Movement_Frequency,Fatigue_Label
34.96714153011233,59.26177547531641,130.99033154879004,77.78361076166638,123.24821725025619,65.70612997219531,10.460962210613046,56.806409124521444,94.09519185105198,10.206107719066125,2
28.617356988288154,69.0941664047013,123.86950524369153,64.48814283671467,128.5548132928448,69.68184660532862,15.69807494610249,38.72686554048697,119.06389533182748,8.237456552796388,2
36.47688538100692,36.01432426180859,110.89445554880261,61.81801116577693,122.07580079000039,56.686916168166775,17.931972332891778,45.45222708999982,120.5405061613334,8.0,1
45.23029856408026,55.62969236690571,100.2959483344164,69.96625542589048,126.9203847036096,53.87763265492249,29.43843828670095,45.511979018810855,134.17891037530217,17.064994560688987,1
27.65846625276664,43.49357430878173,120.47334970420386,68.29815377475072,111.06385333046214,49.148494734422016,22.78276562266879,39.98215807188468,78.9942491015752,13.929661511360694,0
27.658630430508193,45.12874616235304,115.90228078132624,65.46771950672725,132.13293707372938,51.74589470021045,13.322592154500544,31.275344521158992,137.77701821541993,16.897026988025548,1
45.79212815507391,44.07606075761131,123.42789830041599,76.96387447456715,130.01205475362224,80.0,22.430181447088184,48.22974503617668,60.0,18.452363430607566,2
37.67434729152909,41.36009230320184,119.52757702522955,79.5530520857051,121.82911368931809,72.44679580736786,12.263480055308172,44.389960281446164,101.10346342908569,16.32808496586267,2
25.305256140650478,50.48521627944827,125.74329072979003,70.88406886291847,136.59245668432405,46.489256337919784,25.413455269435367,50.0024046943657,105.35178472645366,18.28881588075187,0
35.42560043585965,41.69049883588962,101.97147182659148,84.77530081055262,139.3757013762656,46.7754204325643,17.64437674091061,39.66399693560833,138.99980478213715,14.652338568788654,0
25.365823071875376,52.704568257798385,129.76091098451488,58.58310885866495,113.92440135631026,64.81866061718492,19.531819056304144,57.20821298813048,120.67892558030607,9.065033058471277,2
25.34270246429743,49.49761890550863,112.963994070386,68.06340540720282,122.37275221433785,65.47264797377967,26.62898323771095,36.23226218788155,77.8331083843114,20.28907090410398,0
32.41962271566034,47.6105195313359,140.0,62.831776793971954,122.30857650212701,65.48883835317365,13.56418215707875,62.120402840178926,90.45020622548955,12.054439336094365,2
15.0,40.92436337958402,99.66218272865649,51.3346338292694,120.60096898891135,57.45044206446302,13.014409074435044,30.0,125.96040028642221,10.32201850618787,0
15.0,44.23228669431667,136.03945704747875,69.17319314157301,138.29474841931747,58.745457399970995,17.082003368269977,49.347700645568914,117.62797974406331,14.110410620978008,1
24.377124707590273,57.55391225825756,112.96866175193972,68.78252491616716,128.06173861227197,63.27879524159357,25.191894255096585,49.754306825266234,102.62627671092761,10.435945403517435,1
19.87168879665576,55.009171876243805,100.22872994578327,85.13449743242131,127.35485158689389,60.858930062933304,12.403269622615788,37.04442932059118,105.57498631464063,12.912848090052838,0
33.142473325952736,40.22444755201449,102.74171248918518,76.30811684554777,109.96137635593246,40.0,10.0,49.24393937861012,140.88503991477867,16.720269607817333,0
20.91975924478789,50.99332305429226,105.1947903770852,59.758131756707954,136.35418030209226,57.70200369424806,17.744205707955008,57.795186697601586,104.46922281392357,16.741708696230635,0
15.876962986647085,57.51387123371789,116.36248919602875,88.54092566334188,117.60741605146528,51.485935657396865,22.7587039995546,30.0,117.3572626791278,10.510849667871852,0
44.65648768921554,33.305947188786284,117.8425323205325,82.21033695525352,130.5993263026633,61.75211418908512,26.001308748694147,50.02744807490814,185.0980976424163,12.561473135256277,2
27.742236995134643,55.43360192379935,101.39449994092132,75.82097703468615,132.77376937958192,80.0,17.684193189573005,30.0,77.28952089348232,20.371665023851218,2
30.67528204687924,43.37376241054153,109.63468111608526,67.73515901150168,143.60658595838652,63.67481665474304,17.942866964419988,35.34335196476792,64.44471805276024,17.482000588669706,0
15.752518137865433,55.70598668593159,140.0,60.405607632765204,116.91179600880888,56.86470313827602,25.769503671278734,61.29166364900945,143.5076899439582,25.0,2
24.556172754748175,42.367408434574834,135.91314755151066,66.27793223928947,100.0,69.21801501977252,10.651291501522897,39.18217966607946,99.6407081611769,20.90064086870764,1
31.10922589709866,31.95117899335481,116.54485504511048,80.88748619704185,131.83849544753696,64.82687887209212,18.057396124084953,33.261200355910276,110.45287416772139,20.721465342799696,1
18.490064225776973,33.72457562116837,110.570052172523,88.84586305934609,148.00511181510853,64.20094490451841,20.95211944962529,43.020622710153184,96.56530865606658,8.06065724772099,1
33.75698018345672,50.48084946661382,111.80046990077392,85.43243528272188,142.38946352939436,66.06850593215671,22.24609360642517,65.0,112.20599577697462,18.819301758167114,2
23.99361310081195,52.59722501721482,119.20276959095625,65.11150578213726,132.09659415274626,80.0,17.450966534045588,30.0,167.95614336289023,14.734465991515446,2
27.083062502067232,40.956833748955916,94.65811152202392,58.80382566710989,125.08363814367952,48.69111564674084,20.172205058529208,34.48690088360655,144.0638537585436,12.245090982308753,0
23.98293387770603,56.38592458777374,106.13935193864982,71.40886246911204,138.0712259663731,64.73632076811454,10.0,59.974316831796266,145.86670535660932,15.840076702662643,2
48.522781845089376,33.3847993773104,84.97123889183615,52.31560634437149,120.26453800295532,50.73618870018461,16.70875793833076,63.57702343537733,77.51318832622064,19.72605767305742,0
29.865027752620662,49.33920201352684,115.98834683907918,73.23167714184781,134.76357769356218,65.55512646342248,22.26754356277234,43.96568775709716,85.46538790341393,17.504157955021057,1
19.422890710440996,37.889838002375434,119.70793909554112,68.52397413701331,135.05470159166626,50.81313488513906,15.088529828726603,32.60947297473358,60.0,10.6076309932897,0
38.225449121031886,43.48163892197841,102.75220306550939,65.33963498131757,140.60209907498879,55.82633186394916,20.294921107947985,65.0,95.71857536751739,18.712294567963102,0
17.791563500289776,50.47398671316414,133.6098014493505,54.05296932733204,157.5966003891108,57.049100857620935,22.23436250401349,60.94442391749197,148.70109559156975,11.81206228962018,2
32.08863595004755,41.39586634716048,91.61351505496488,75.13600106569717,133.92415967178766,69.7581671934471,18.287253995711175,51.78946987762233,135.50839547245113,16.08341559482143,2
15.0,46.154444557701744,88.0343767968527,64.6729916033809,124.91036374292501,69.18454443942414,20.852318854982855,36.8759765106258,113.35460211143628,13.483249662614329,1
16.718139511015693,60.0629280921444,113.36677727839958,58.30083164289712,129.74425687808005,47.542826235536154,15.186337173576938,44.50970659161963,119.33099148845841,13.905668741321872,0
31.968612358691235,44.23108130476851,125.70647453918232,50.0,112.30924095110882,60.54934110999849,18.966943601519766,43.396399189551694,99.33343372273784,18.831214875202548,1
37.38466579995411,58.35692112065142,135.25891537186803,69.72485094949364,123.05286868910942,52.904201452508275,23.051080847946114,48.30851304615578,126.14276647205352,9.79903140092051,1
31.713682811899705,38.702931453423815,103.1167360569659,87.72251596669744,125.90717561886896,47.414950893246655,20.784864804842172,59.51001438131336,142.97634838441843,24.725975371384664,0
28.843517176117594,55.298041779152825,126.18021250146944,86.6125921454787,124.75911602065408,57.82982949575629,17.067343652180323,53.79417041137403,71.52339637768583,8.0,0
26.988963044107113,64.41568620657901,109.42237295748939,65.42903743413729,131.52354872033723,56.915172115441806,21.121082021453965,34.226239230152416,128.98943063512044,12.011661583725715,1
15.214780096325725,30.0,107.41059050088771,63.97787939638219,121.775800676178,80.0,23.57304895318309,58.764964500195376,147.97304612864002,16.851059449708703,2
22.801557916052914,42.03104744529523,123.25489906230008,74.68774256075024,141.2103066732447,64.32959825360696,10.0,48.131321400131554,107.54699133109891,17.92157083217655,1
25.393612290402125,55.7707212718054,119.78484317620129,60.016145608117085,130.00207064918197,46.22382499245763,25.79537032477949,51.87065795858916,141.02101836361751,14.497621397141474,0
40.57122226218915,47.96954613957007,86.35411764523626,73.01791899819466,129.90699678861387,54.352259958290574,18.31872630659464,59.66540859278603,204.4396333341766,14.713046484992288,2
33.43618289568462,53.71145873371309,132.14810524588844,77.6608027838469,126.72105283487082,70.21383295429399,22.12744966620115,33.88419750486449,116.86971621039324,17.052750426638084,2
15.0,43.960148132841795,130.70137031221176,82.26933223884308,131.5519068385898,80.0,25.98623461822614,44.64174421293537,131.7992115001597,13.844652612711599,2
33.24083969394795,50.865897874729,100.61655947735706,68.99845923520047,138.25098264667633,44.140166877620416,13.14163151384767,39.68545448640785,97.85828749015826,21.96590628967453,0
26.149177195836835,48.44322764607921,115.93705300156114,67.96326249823034,121.32869784289099,41.20075614860955,16.452794987862266,30.0,125.43753487806151,19.19674557115801,0
23.230779996940413,61.67782061659807,117.41045279424108,61.22017413243439,123.41883510924744,78.70965175371782,18.557256520621475,48.467099776049196,133.80814874946913,19.364121755028172,2
36.11676288840868,52.54420843301213,113.9101064873586,61.7311964596014,126.96273971223336,63.89614177370904,16.081232394377857,65.0,125.84527020810414,10.169216383147916,2
40.30999522495951,53.37602662075202,101.7454226923187,67.73521108098473,116.54129076526785,51.31707268123634,28.67468287918404,30.0,89.4091404087343,14.603057877971485,0
39.31280119116199,45.881230338775325,99.92564948092922,73.67365506816178,121.80742140278502,65.34629086122435,15.716139530866037,44.6771938895053,126.19085313976352,13.497670256396482,1
21.607824767773614,45.123937759275066,109.61668893512832,79.13584626233249,125.23779126455341,40.0,17.222266102565666,51.40542935074774,163.8658781615291,9.971993121552671,0
26.907876241487855,45.67441812180379,127.59093528889048,61.96821049319655,138.74389180712728,60.03375506597161,21.021945158014884,46.23078201656181,133.4590729354358,16.800820919728835,2
33.31263431403564,53.944521423782966,118.15400231891648,84.92688568959522,132.62561329001926,63.278211728430854,13.989252369619557,43.86871947484259,148.85961567215523,12.311771211100918,2
39.75545127122359,45.79015519179737,104.44078501870841,67.2887639895743,131.93589911367545,69.2427013953783,18.02159644121868,32.007836365541756,112.88964089962117,18.277019149251185,2
25.2082576215471,52.89774856896413,121.57548065972517,69.78632705651565,138.5089796216797,49.861040477074624,21.587266306250875,47.327867429401635,142.49700718271131,9.64904218552834,1
28.143410233361827,70.0,80.0,62.527883208521764,128.62628211600602,60.856871614033594,18.335697978087445,37.43236022984074,128.3780351464958,23.595203064209105,1
18.936650259939718,58.711247034316926,127.23148550558156,50.0,133.9046484992889,50.74575373940412,19.53306570550026,30.0,91.47267810938304,10.51833670703969,0
18.037933759193294,46.73976467832159,83.90429331832851,78.8404539636105,128.96778247067505,62.55383755674317,17.353339437758144,56.94592220513731,129.55563014396623,16.09651168600218,1
38.125258223941984,62.012139221639444,104.56338587895301,77.36843897092433,132.6536234939963,51.04653677636976,12.427648454096165,54.58385819842042,90.24910009679068,18.959296551940337,0
43.56240028570823,45.91924626978449,93.20495158060784,67.18672442881787,124.17241342388418,55.918991608397796,21.607966056696192,45.5166097685108,101.01359175345624,12.146797848999435,0
29.27989878419666,30.0,90.57977786418641,70.66990717224871,105.61182841723571,50.04184605209771,28.774665358236206,47.29074688205703,125.67984921877122,19.262343217164755,0
40.03532897892024,39.91913689082596,127.41240181067779,75.159392177041,128.65720837813697,66.51136241823657,20.09200815391719,55.74318012715561,128.91732820140373,8.854082010997919,2
33.61636025047634,31.292080789741444,102.98448198032163,54.374541431134574,144.2274813609994,68.58451116656666,21.126320586237746,47.24339656778083,84.32302604768613,22.260588495912803,1
23.548802453948756,46.48486515958692,115.19755822596073,64.70947322653706,139.26215402241593,57.653794300425865,23.463613775584296,54.040175547613146,151.6195731354863,15.070746324828791,1
33.61395605508414,50.184183791895514,109.29619131681224,77.94264679621827,139.6539748459117,60.382379949600285,13.653347517266504,42.0251779912615,137.1601883490142,12.017942960155601,1
45.38036566465969,66.76437312275283,117.15561240834683,57.45710576830751,142.36130721806217,45.51408585366456,28.512573290648028,58.119837385739466,98.85814693167349,13.504091137862828,0
29.641739608900483,53.269273737641626,111.15232836590383,72.9355793216663,130.88657590961438,57.00323351993213,21.01164398211401,48.207857259326836,73.87245610652474,19.044596346963598,0
45.64643655814006,47.80899471191136,90.75511663717145,56.43418195376595,131.97315707405596,59.49795382958255,28.159284495445544,46.94051943605874,115.65286262755706,12.077723540747808,1
15.0,58.294055811834895,124.94400229170711,74.66429982433526,123.8234810456565,80.0,16.334835022380055,32.29938911287968,106.6216885841652,11.253211552886112,2
38.21902504375224,30.0,102.59365125258032,69.64358517702516,126.8392714397295,48.88032974225837,29.090309612789124,47.869558543017085,123.39421371159068,13.892317012081309,0
30.87047068238171,52.356145581085656,86.65127152010373,53.848681840944906,136.1577114977114,74.64177238752437,23.875777470173915,36.68045082505549,109.106500165333,9.11518943615016,2
27.009926495341325,57.708651938869664,103.57827258551131,81.64739354457171,142.03884437168816,69.96858773465809,22.765200429261792,38.617172734715055,60.0,24.102719539709078,1
30.917607765355022,35.214137542201584,132.51139685951466,62.65408423201951,128.60553724319,62.806364044901365,21.17012227176574,36.846243716838785,108.34959185096525,12.168027043926383,1
15.0,61.43754043206929,122.7533261317024,61.89747562985619,125.49810735148588,77.58620484195134,18.757356909627752,34.33765068100775,110.83142666795061,19.158083930902016,2
27.80328112162488,53.38496407494414,104.7702179838821,72.00569197230944,130.00527958856597,63.72105472606863,26.00265829236936,65.0,139.00983074322176,16.047350418238864,2
33.57112571511746,45.847120860991986,104.76113443522357,81.48637349428715,136.01206748929116,63.891591956679285,20.701799349240236,58.31339061988403,99.05400976166851,10.07732974759016,1
44.77894044741516,56.32781866106285,105.17547423173926,59.841781810216034,115.56145183866458,59.46879346982455,10.164651482064238,64.20367502144262,170.360240201177,14.970226453936354,2
24.817297817263526,70.0,140.0,70.61679849847971,107.03819046862762,72.23568882418627,14.414067691464988,32.77104980444436,62.65078348044729,18.92001389655374,1
21.915063971068122,51.81866255058495,115.7290317834733,74.28816500330574,124.49463150508416,70.96469233810883,19.070771239036265,45.712537499108926,159.33502493407872,14.058693324568468,2
24.982429564154636,52.48220586300336,116.45062470786604,76.93105607263143,117.79287574085842,53.743227125037876,21.549994915827774,32.06492374795904,113.27043087365686,20.96556472925514,0
39.15402117702074,45.40639100459756,125.45425181047763,71.76441555277225,124.9185980235269,46.80752805401232,19.71705755550052,38.04305122802936,145.78754617030668,20.10757696390932,1
33.287511096596845,41.50155630535208,113.5818373853977,66.32972160916678,128.5221968118253,57.97019362604343,26.094853948968314,35.81873016583425,122.394044521762,19.59457427329165,1
24.702397962329613,58.303358165442454,106.11436781268945,61.724097793512804,125.46751590976987,51.999614356023535,10.244490679806876,57.395840064415616,154.18666608076407,12.701716138635016,1
35.13267433113356,41.43916174091133,107.05475226372532,70.86143883046375,144.52467534470745,59.36475425384645,20.717939682525802,41.0377032189824,108.37914106341566,9.600787761092565,1
30.970775493480403,50.715662372193925,108.92598110878905,59.27860988014393,133.26744764602321,72.37438134684139,10.910103873064227,55.68379333694016,87.04138724466563,11.932061973186027,2
39.68644990532889,45.223425532348834,109.44166645235238,50.0,133.00474359610828,55.4269834491321,23.79856147742084,51.04120889588518,162.6151286181319,15.981204703333603,2
22.979469061226474,54.78979825746392,120.9144431545547,74.36559804157667,136.222071440434,59.571766186884254,19.527706427789987,65.0,116.59558062353577,17.728933567661777,1
26.723378534022316,53.33662105286948,110.77918828710949,79.03934841086195,118.61166882219231,60.58022734808395,22.09804986012059,30.20555776860276,126.64675420872632,8.0,1
26.078918468678424,60.375399442578995,120.98960115823368,50.0,140.39111787420268,68.48430882205284,15.680585197051169,57.59233239786799,157.04255742134384,14.959433991941248,2
15.364850518678814,44.89983601145253,108.78925129837127,59.90269295290062,129.2423571346454,40.0,26.397324658288756,56.464408704007276,89.04134273716696,15.790446126615922,0
32.96120277064576,47.30125064706629,111.17952785474137,76.19154261005198,136.70480617241213,53.932997052347034,25.208623320294258,35.26621161972965,137.86472692917772,13.612278718422242,1
32.610552721798896,40.21236284217693,80.0269897320184,90.0,119.28142766959844,62.11283692279473,22.917721515059437,55.0713333647316,102.30315730611328,21.456369195079397,0
30.051134566424608,45.55706739923888,123.74491512053723,70.20793707675408,114.46241233983936,72.00078956426862,19.352413765682797,48.361449630262285,116.03491933066884,17.108900371254354,2
27.654128666248532,53.77300493044852,115.19732713846989,62.71997058770866,138.1788965802503,55.08097552493795,22.899286426475662,42.72523740046592,122.16836896152867,21.550959540404484,1
15.846292579495858,57.56988616645352,124.97015164789478,68.1710355889516,133.76409526097515,41.23447293958126,16.465537160063256,36.760645130280004,74.99334415659192,13.920197398248838,0
25.79354677234641,40.77834675822375,80.0,83.74876419148185,120.9794844564249,66.19711445966136,24.27777829510356,37.80890548550814,96.63488871538695,19.687387462534623,0
26.572854834732304,58.6960592010566,140.0,63.54035820875465,121.30336918725305,53.646376111743706,28.247404471619603,65.0,160.53218677239417,23.175331972637597,2
21.97722730778381,63.55637858804951,107.9061555776724,62.00807993349746,141.2543478441477,48.103333409096386,25.35305279989593,45.006828189574826,146.58573565754386,21.558467246363307,1
28.38714288333991,54.13434903223701,126.62274225106275,65.17256477817968,118.10588107132672,53.75654610286776,16.351987650962954,52.82130001531459,118.12081268018295,9.539292032856334,1
34.040508568145384,68.76795812558066,94.40141109311703,60.466713917412875,146.42672953255965,58.1547464234415,21.807086586365514,37.09100618332447,127.29370375538679,13.731619612288096,1
48.8618590121053,42.26210800896427,119.19160857593855,71.22670315994796,120.99379265352131,53.952553354617876,13.534292281206762,37.201470537783614,111.17272483090628,13.274176472751018,1
31.74577812831839,37.55345296688583,94.19876655239516,86.2467845846956,136.38391925608383,40.0,22.861951555878377,55.81984809249942,160.69750157483946,17.44627267538164,0
32.57550390722764,32.212797510957216,100.64346558956292,73.23079273116029,126.71381524251015,68.97066196887133,22.253017064312694,31.504237884484677,113.98942266617509,18.431767775072665,1
29.255540842338327,64.96044311489183,138.7104703080018,67.47646497873713,136.03187431082344,72.74875041278722,10.65091830233918,40.847862320947286,126.95526276404544,10.80553662987132,2
15.0,56.54365656354058,107.1397639885498,67.08188731084456,124.55885997885807,66.51521991339506,14.191080780438181,45.34027411072232,154.38090432426196,15.339192569584688,2
29.73486124550783,49.44415329089545,113.26149309769585,54.36809191303343,128.37207093927705,48.62314329575183,18.584305516281166,46.11372601840053,96.6788554546228,8.0,0
30.602302099410263,52.799686263198204,123.05101596033131,78.83109777147159,130.4091917539572,57.98508466052482,18.495701264295867,43.20906714983844,166.7636755349068,22.209725029009448,2
50.0,38.74510952701623,117.43522831958907,69.22162802987198,119.97812544218527,59.93478684770542,13.952615322905974,48.958197810959234,74.0861577076987,12.438128796616532,0
28.076390352188774,70.0,112.25628357715365,68.19520086409375,137.40824345420125,65.9879438956191,21.944893646760917,51.92855755817811,168.88926393338397,15.279319699222485,2
33.015473423336125,51.292211819752275,115.47441503699338,90.0,124.86786433528415,66.68340488718081,21.25736804470256,52.3463754545933,108.81973248144077,13.451751430059694,2
29.652882302947567,51.09394794604893,140.0,72.98752908365687,127.71400084659982,52.65826201221504,19.028654340107405,35.14196191332174,112.71903756524155,20.730137875067076,1
18.313219623804677,57.25766623898692,109.13571804449622,62.48208949904816,120.05650625391488,60.819955564135604,16.221042499208185,42.15844902071203,63.299694864511714,8.0,0
41.42822814515021,54.810092317367136,113.01648570072452,65.73642403794457,104.3766634120469,64.57280404615241,25.243535632082818,56.94762861876938,106.35615847866922,14.916948288370454,1
37.519330326867745,52.23884024279131,125.75981594011418,81.48445709196756,128.0897223739983,74.55822322146767,28.277035565441476,53.94647187573872,88.80580406919347,14.47090621251151,2
37.910319470430466,42.09525544554688,126.58288899436975,71.13270410537764,154.12615421612915,67.04506539824723,17.582192580767316,31.271405485189362,101.77060963879582,12.731818062041587,2
20.90612545205261,54.714683571359956,127.8054545834057,55.61722021682633,137.84604287898023,67.89056687375519,16.939165414225897,48.514799003522015,115.88067102633362,23.631132728178162,2
44.02794310936099,68.82024496475034,119.58095333043777,79.19228934575203,129.80739620265607,60.838266279293606,22.456038327059982,30.0,148.73374843418716,10.563352705721144,2
15.981489372077192,63.454200461549775,92.85492630904275,63.31855914461006,127.37109170791733,74.10459145203504,18.209853101265068,45.469349020603694,126.22810054201878,18.858980886178305,2
35.868570938002705,65.93186626639397,134.50147298451645,88.73297776217545,130.22465892812048,64.09762795959497,19.30301399668383,63.97767016745977,129.23029960203343,16.78126394353042,2
50.0,44.88784323568815,92.80481910471968,80.80048065714648,135.4711911517521,51.389120898264295,23.698265758623357,35.521072827310135,87.13441833463312,21.307596262677578,0
20.094636748693116,40.10395179741419,114.5395319785855,65.52678104341248,118.19187184691155,74.0336997012519,10.453219562463536,36.65676954508418,93.5773773119181,11.664054576112473,1
24.33702270397228,48.74213079900352,98.68586224970963,82.81016361735112,141.1432169466887,66.97903272539028,26.591511624263347,52.640297815728594,173.96175055053936,11.335155504381206,2
30.996513650876413,50.557249122886944,109.0379248011051,70.67855510527403,137.15381315441243,55.569559788715175,20.363402621646706,30.0,97.9439689571026,20.480349537386992,0
24.965243458838007,60.94191518470949,114.9314361545522,78.52773675122219,137.18185725707934,55.205070326007565,17.9425342771891,38.67244970114961,169.68624756171886,17.126606541650553,2
15.0,33.07535370285181,114.8203582317541,74.84732817294474,134.38475738809728,62.96575545140762,19.553829228892756,50.96441137581753,112.70816403357401,8.0,1
30.685629748060272,65.29550319460614,116.32881131352927,61.536433450091266,130.1961665769399,64.63184795267584,19.812146775102594,38.65714152310597,120.06863808430512,12.303474927683649,2
19.37696286273895,48.419921014210104,134.2056690358797,63.56450167682538,136.7286123596682,61.972922656312065,11.343993482775373,42.640300127890285,152.1109548068979,16.931913269240304,2
34.73592430635182,45.7311893005258,116.8030145227097,80.29960817581161,135.91814133741377,63.11308673442885,27.47469113726618,52.44185710315035,158.1567726581597,19.188821107732945,2
20.80575765766197,39.87895624739832,106.33765047064027,66.65224667893459,126.45959289058976,76.9995737457638,20.20662816135309,49.21546083536561,116.67562319162738,11.603846734035224,2
45.499344050175395,33.451433281342304,124.46130752432536,65.96351536758003,124.26398227103098,70.71543152234887,22.215010652236877,47.66818396295402,108.35270839435384,8.0,2
22.167467076637628,58.231705839619146,127.8420573338696,60.44877420650647,131.01856295261987,61.90635591265024,24.757748852870215,41.60877720729961,118.32238654433361,17.616115928685165,1
26.779384837943244,50.73317967188404,91.58588277294511,74.23599065593461,145.49020151495188,69.41310580767484,14.894187712198498,48.700611152689554,130.13872584696355,8.898396550280122,2
38.135172173696695,37.10039100258946,118.96100104774787,90.0,117.60892924346099,49.674760964724605,22.367359495176142,43.762673199002435,146.73911060609265,8.0,1
17.69135683566045,37.04921227936384,120.51759113466348,59.32467085745727,115.3247473424756,63.979270499468086,18.661794545506034,49.57805609925785,120.12689576982454,8.0,1
32.27459934604129,46.64215300709872,105.53654744960012,70.24219456672758,131.64760841236517,78.0930634973311,24.23385387608247,40.03067974882022,138.5665889406946,19.069904300988707,2
43.07142754282428,66.69021525289392,130.63560219967428,84.12220555415429,130.50887701856018,57.81954104607626,10.0,43.17431025620459,169.15079196812823,15.643087252024833,2
15.0,47.40408648636395,107.7491661945121,69.20358608754285,131.7334166437041,51.52366071380915,19.504528498793654,35.10042207447986,131.43928836794353,13.871718096438741,0
31.846338585323043,34.96857046881894,111.88364680207313,74.52371796249734,132.439531979085,53.4791111140694,16.98589672108019,44.64992389993764,129.34958568014335,21.94512181481381,1
32.598827942484235,47.54256935914056,107.40392263574195,59.376064718531204,127.76797745365195,49.10366962657612,22.161314753170778,36.88999136371155,74.43267524729796,18.186623415115363,0
37.8182287177731,47.27276430252329,110.23368571372201,74.28307097207649,144.89863438602083,52.15238091872297,22.350220936841012,33.85953549838007,60.0,23.081500213609583,0
17.63049289121918,30.0,93.55587369657198,68.12855734995452,113.99096021523485,56.29491901409971,16.46187052588987,47.586611478553884,131.65127187690504,8.036322639165018,0
16.795433869157236,49.45705133482188,88.39923676108559,79.85729995679863,121.71502975219754,45.94432980821358,16.43913067911978,47.127397758576606,117.15527306157384,14.827246880230183,0
35.21941565616898,47.69065469791322,133.91757594837458,81.87386051564751,128.96745239850952,60.15618333949603,19.446673157213354,52.82873734948573,104.55651975255775,8.0,1
32.96984673233186,56.96206364813418,97.29557977522508,90.0,113.56811188845833,69.02277173786648,15.516788863423958,40.68874430424901,127.30590612559034,13.853088340722664,2
32.504928503458764,68.48956094945345,95.1291147581554,75.79633173213576,128.2414559556793,50.9224381985308,24.209918477260636,49.08052846836756,118.18788812409275,13.756920731166613,0
33.46448209496975,61.26565029547757,80.0,73.25796316582166,146.6147016572802,75.19283923641768,18.15396399776277,50.50797572273663,153.83340751901696,18.133068186315356,2
23.199752784215093,47.31111309445169,100.41557378465747,71.94384301577335,130.20886488295963,65.10792088527595,10.0,49.44773807831595,122.58332604776933,15.227819405709491,1
32.322536971610035,38.934740912583294,90.15365309888753,66.46833707189312,132.30700905718683,70.30580585624057,18.12588971689097,36.743463171978576,97.59230144789497,18.11703569139958,1
32.93072473298681,70.0,134.63022740204553,73.38483843461691,117.3983523482742,53.42165446147863,14.807280895780139,46.49363482271189,149.70498716877867,18.51720066569447,2
22.85648581973632,50.59218434014488,125.1472563401395,67.0459858986097,123.83638591960522,68.54525227066615,11.843620922695273,48.641402960546614,113.48606775161393,25.0,2
48.65774511144757,50.13929291912946,99.67774482233415,71.68460976269614,126.24803619676064,49.08066099604687,13.812866808887136,45.07178466907942,135.79610051016923,13.423516723569378,0
34.73832920911788,49.758749128899964,140.0,83.17597535607959,126.82284903243766,68.90247500836509,20.547042359164852,30.0,105.67767881421598,10.294886496668106,2
18.086965027973513,51.98084760767855,124.72648230487391,59.934574347203586,142.81643795003768,61.718393397935316,26.643204141241156,46.6048962397348,100.5051934350769,16.230418076582044,1
36.5655360863383,48.556395880760576,105.12752924737066,81.39878561129045,135.57691060725125,65.53251219984784,21.565922369324902,65.0,122.52504690557089,10.988599864302284,2
20.253183297726785,44.26337993119763,80.0,83.17115067339866,118.88542043062968,48.24405394375148,16.967483058921303,41.39960731243017,120.38485930631056,22.40980384218268,0
37.87084603742452,44.53141058759608,140.0,68.81931473008922,132.46504778432003,51.049301577233955,22.279520975853515,37.719229021446786,134.394811061005,13.583909805273837,1
41.58595579007404,49.672467297840015,89.15641299854606,50.0,134.98221748496786,65.97228218253385,17.70454844890504,48.73348559711398,111.94062740070773,12.172118160630049,1
21.793176816482895,44.56575228866235,85.31901879564663,63.921780129055676,141.40149038521267,50.51651995775799,16.526998154184277,48.123782104665715,64.90920648688808,12.64342139424441,0
39.63376129244322,42.871542173228356,125.3385564801446,82.96994546561109,145.80540686568372,64.63206292099123,14.228186658835078,56.92735165416414,107.01678349234834,18.592087117358204,2
34.12780926936498,51.064302276918966,140.0,69.77131937701118,119.84905808172131,46.32862193539754,11.240855966241405,32.42131844091112,143.81455401431447,14.211265083842573,1
38.2206015999449,47.450227825791444,130.76409227765777,60.00697767705089,121.89142488789662,68.48174212666669,18.050381467202772,52.31380252574992,111.0787176227068,11.79166589934809,2
48.967929826539475,65.0399298858269,118.4586368007854,64.95225078771783,117.42422141085383,47.67476685231491,20.79026744960066,50.904220612514635,112.60849792456357,23.326759588117653,0
27.546118839971296,30.0,118.92131512497929,78.40620026504553,127.65980140893019,65.52299937679523,19.51688164992555,43.57853463059454,149.5912951771781,10.719150796691249,2
22.462638356425103,60.91506851922462,122.80123338170462,75.4673356820138,134.66358374446335,66.25630933646,17.920165360263205,48.3868731792169,98.64080318223232,15.177830370164967,1
21.104855703744768,62.46085192497629,121.38392884680148,67.61067900830305,139.873345165891,53.03228181570425,15.271269696516095,55.29457481598357,73.71590345271301,18.26153075805115,0
21.841897150345616,30.0,114.21787135954064,66.33175588185313,129.24048976357477,65.82026567084726,23.041230958424844,53.72315380028451,115.18106641423518,8.0,1
29.22898290585896,46.573124059196516,111.56301655927814,66.08241850956178,126.80152476745155,62.60442263333556,13.414340400267076,33.569806879262714,105.47478146253789,17.401302507029627,1
33.41151974816644,46.28559134004209,109.06110308150717,60.77589815501497,131.5175799224874,54.61158143807262,23.880139569217377,53.20158186755484,91.01261040740238,9.724461622597753,0
32.766907993300194,35.924883052821784,98.69053116699986,86.15375689469442,121.64857098369977,49.91445315923792,14.988914905366375,44.353113949674814,114.73864632303928,19.113913904170012,0
38.27183249036024,42.22183312409125,105.78987384699839,66.7767953078866,150.89538721694774,40.373743083274206,16.237823813234826,45.72874098015515,134.7451694174035,10.186744940405118,0
30.13001891877907,38.894241545341714,84.60564778706922,82.17158520825497,113.92338972881942,63.496500472996935,12.666074046921615,45.73196991001694,119.72134315296553,18.463845159244304,0
44.53534077157317,67.52270443423623,108.52490559807875,85.21316051922452,131.84740578895725,44.35197228637945,17.492989265571815,43.4975701120174,129.20943218058713,20.529165331473564,0
27.35343166762044,59.35678393147461,95.17113339273624,79.9831089814796,150.2360621922964,60.95344199441308,24.876562292389895,56.91707497107065,174.4022309554627,19.307182628164025,2
50.0,62.71555094994159,93.44616024176344,65.68379687281951,130.06799844559998,57.36551783917751,22.578140442219784,44.16282040150788,109.71363415327308,16.256583241190512,1
36.25667347765006,57.21672064043235,112.69841226730217,74.03730090336609,128.09960964998507,66.79142775438196,24.892110560140175,33.80453871616831,128.35045903934008,13.843495285351503,2
21.428424435837172,38.70948228782771,130.880034295169,69.75804393609084,126.42554577189573,56.97954500510136,22.61071272966968,41.06470144030271,104.72359912202596,12.11790211832578,0
19.291075019388877,44.75479733720226,123.7747490900347,60.96298139269872,128.19608318237593,56.70552213652908,14.481650857348153,46.78694716810475,94.60920840339081,22.35517345408552,0
34.824724152431855,54.89374561227918,86.44249094565234,73.24359281721603,143.7284847467653,67.31870704288295,18.346053878362213,57.29214784297051,102.4527703974669,11.502523899161783,1
27.76537214674149,37.778721911080545,95.15557795144494,58.20960208840198,107.88138088670493,63.35058029084117,16.099004354412685,51.03094684948834,105.63724285434934,9.81466963215002,0
37.14000494092092,57.12998430172388,124.11156781982324,81.87679388461564,145.33433701296326,63.16155957182778,26.6528745201952,36.49464721252956,130.78427392641376,18.32684467516415,2
34.73237624573545,47.59674601841865,95.26268909692536,65.35382702701607,115.76042847549854,64.69267589808527,14.016056767868442,65.0,190.47227360102272,11.019315984067523,2
29.27171087343127,46.251791924504026,106.63050275004463,72.0115965587284,127.33347670765585,44.64427876792894,24.468488446945553,47.6477531097798,98.51869691172479,10.249682512669363,0
21.53206281931595,57.10959968203491,118.25078148536828,72.83287871546142,125.70755579701338,67.56788679986983,24.464769350543847,57.753907379990146,107.50124083153612,8.0,1
15.0,54.4426331148604,95.47483317704547,67.41095026295923,135.8855326977072,66.12468794013603,29.148101008580436,43.482855664227706,118.10630960666255,12.585450802697412,1
25.53485047932979,46.3903383418092,111.5806325921894,75.86693801475275,114.01875648116253,49.83316871423503,17.951567036852513,50.33359244705449,131.8739654612924,14.586424880517534,0
38.56398794323472,61.59329803364248,89.98961757622693,65.25096343377476,134.62172666081943,57.55919526325799,23.561610797900812,53.39468504518405,127.90652435864355,16.215458638303495,1
32.14093744130204,39.189366724001026,100.9794853407318,78.71297297457244,150.24309623286854,59.606927123723686,31.408259182694213,57.18194711754256,158.52287381844351,19.75653122149742,2
17.54261221288012,56.15935606944264,114.79672901213806,56.54020319753251,116.3682599540719,58.655032155982674,16.911791615331516,55.57368305378225,60.0,17.634489618328967,0
31.73180925851182,55.93101257968384,86.10509399702497,71.26379579546412,131.89706167610396,63.338599665685344,12.324798762338201,53.721970000729776,60.0,14.045638902234101,0
33.85317379728837,46.904535606860094,116.60712106940599,89.38928999058285,123.3801782220339,74.31366781831184,10.599949830461181,41.849132688058916,105.12365483969552,14.0090216181014,2
21.16142563798867,53.26133022242118,109.70543301609978,59.99668675394425,134.25887206193036,70.81766727672829,23.563560144306656,39.28253958043938,152.91900562631128,17.550787344575916,2
31.53725105945528,37.488864236146966,118.28734931625722,63.222550294751485,130.19147777415753,46.87780806568594,10.58424895970708,48.326075103241976,73.03055905183211,21.362850814642847,0
30.58208718446,59.24027019206901,113.35871201096992,75.13907849658915,123.58513090955691,66.22069990306049,18.138404735310385,54.33128072341069,60.0,15.631570997416,1
18.57029702169377,48.15097863557011,130.46210644960766,71.79581781939598,134.87872284871074,73.28933319535409,22.186565935194803,42.77279299223393,137.13538218657627,12.654345728947956,2
33.577873603482836,44.772769794809605,111.87836753971861,73.50630099273559,148.04348109786744,63.868085206892026,20.92587768414957,55.651719657143865,127.30971671108144,10.035669994572274,2
35.60784526368234,60.49009225836889,103.5589168831212,74.89187130147664,128.090962082727,70.90980425185967,22.12722432092086,59.52616745486179,87.2937477960171,8.0,1
40.830512431752766,42.95656309457241,111.83446254548426,76.3472146856177,137.1975794214818,80.0,21.11144927900427,35.83679080926581,90.4338119783721,18.331348360217618,2
40.53802052034903,35.91538703636441,118.14947043554582,81.09699841956223,117.06727042128836,70.23709546106981,26.394329066566968,36.630792962037205,90.90768841095976,17.889892618197784,1
16.22330632042909,34.433708264760966,110.73290105488556,74.09818656928513,120.43563623181991,62.49308595641729,15.238418096306015,43.59624941094663,123.3160595242182,17.886817625533308,1
20.621749600848773,56.06009951345639,110.60887536805824,67.58742345381458,134.72406277880378,70.45088474084753,16.615024307707344,48.076126681891964,101.21054171450979,14.356702768239721,1
35.1503526720866,37.19570647503717,99.47012468289867,76.72573701202731,144.84116028535965,61.44887833096891,16.13670277364588,39.75432986232949,134.8219175692656,22.034673729458753,1
35.13785950912209,67.54794181984364,100.05648623673578,88.99881934895215,133.5561334878566,60.23903043284955,24.150959059313053,58.52202678867144,60.0,12.579407527075912,0
35.150476863060476,30.0,88.9609209230046,68.67366253617426,126.86941969476845,56.485857642862676,24.501992941975317,49.24066861518451,94.29444404616602,19.77634618603603,0
50.0,66.96456368290038,136.2436511478041,60.254706953293585,129.99291405423355,75.63413358832108,22.25612659659254,45.39447048240739,86.2183811726685,14.806285525052285,2
35.70890510693167,52.11017467202618,91.34205146913072,81.07080669286972,117.49592266030282,51.81571334057999,25.917468334449637,30.640904761314722,112.30977964882524,11.958246176603312,0
41.35565640180599,49.032868881296075,99.60642203306139,68.79618836046401,136.04515326355366,75.32367724678116,14.109795663118096,31.841841835724928,103.85856724529584,17.962651536588808,2
39.54001763493203,44.550809131910505,99.22389101646203,50.0,138.82333062323409,64.99864123740372,28.336120557755685,47.810092502818065,143.935313396873,17.048180593419968,2
36.51391251305798,53.991361143520706,123.42386565416662,78.47421677150422,125.4790966716692,46.006938251980586,27.61619310856129,30.0,64.21989685019827,16.78486379633463,0
26.847307553596544,49.62365297575152,105.57575482561958,64.64671814046078,125.29957852240499,63.67649292991422,23.678109986228733,55.12637409644071,121.36474428992256,15.406392110280994,1
37.589692204932675,61.03301882016521,128.71613109010602,69.0946671769584,132.65878229652049,40.0,28.9089945438553,43.418461556276796,136.75009269635117,14.810534591415845,0
22.27174785462428,51.142276486620396,99.89764063634198,73.31980330569014,125.63280263959405,66.25508016831036,11.716883961611131,65.0,175.69942309685865,25.0,2
27.63181393259991,51.50301761461878,114.18491243335703,71.90499679779066,129.33867385374177,68.8523148298899,17.377759318686742,65.0,105.54702086719574,20.921283225980865,2
25.146364521708964,46.36387787786144,97.46979420110364,77.09451817139039,150.99721789166514,54.07644044347946,16.32348269659024,43.18550930752483,129.73375813057552,18.61413447492756,0
30.818741393863224,49.43054376278933,140.0,65.64513629430157,127.52974299254004,61.235476959555825,23.607396618786716,43.93662997468685,65.88411622312906,15.558995791016942,1
50.0,53.07801768892059,92.18602371455731,75.13105798176083,126.41659847978778,79.54157433750287,14.749296301989272,54.9558151400203,60.0,20.035786002983347,2
15.0,32.89831607343375,114.64731065340541,67.40453322416083,123.52458194364841,54.942532957380635,23.787475746687427,62.031726099180375,145.343231273451,17.58997388195726,1
36.86260190374514,36.518145778942866,119.50665321398148,77.38810480887503,137.44191971499936,49.410924129433994,26.852680719983567,30.0,119.83319119055788,15.131023763870179,0
15.0,57.43264094022715,116.20698646177247,76.15367484013053,128.18775826781896,74.81663402462598,23.476014500419996,30.0,155.35538069395267,13.482178373670425,2
25.280681342105666,51.708654381279416,107.22068511683437,60.645612979554045,123.50626961678574,79.62587190530795,21.418755118307505,38.779651944456184,78.79791333090753,14.59541331168656,2
40.889505969673664,48.16016663647321,108.05268950399861,80.85982116175032,143.2130403227301,60.03695671847847,15.060633295496254,50.82737583173864,135.59706418586256,8.0,2
30.642800190954627,50.184339330653934,110.65717207968665,64.64036554885952,144.19603004513638,70.11463035408356,15.765745169373176,49.968735905075974,176.0645352163156,16.05300419648821,2
19.222552220706937,53.47581705361671,107.79496997557267,78.08057798281145,123.99576434261294,73.41475915530881,26.248094526483335,55.6977145498385,132.59116825071797,12.557619599448202,2
22.846962907400318,44.60240319690639,124.45818675192365,73.6728731340134,111.33460048639384,52.57515767461616,23.896745019526662,33.003024716346914,128.29744516773147,22.963349991414418,0
36.79597748934676,42.216952745976876,140.0,88.38183676795123,140.0751368983692,55.14694164632132,19.80490240311228,30.0,120.2566824247305,15.096720354058771,1
22.696333682828634,51.958452550976816,101.6376232248825,67.76534017628148,123.15370174239996,72.30874513154735,17.91045227117055,53.58014195302145,72.87355628622264,9.05518290232519,1
32.16458589581975,40.21627222384968,89.45295530631384,66.50683203881802,137.9062559916277,76.85014278708509,10.0,36.71803727034765,160.66718807131045,14.75059922935941,2
30.455718399038137,54.082527557144715,108.67576927473118,69.80580394112268,110.29896182288164,65.62880860174354,14.645737906577807,30.0,101.67427080584802,9.769394574687478,1
23.48399652394183,32.9741639576216,140.0,66.96820217165724,138.9259733829931,51.20185646497946,29.557095435698617,46.450637459593814,135.1344976914905,17.367037078562333,1
50.0,60.29155637325644,97.94488148045404,77.9994190194205,117.8882807071922,79.87061111699441,13.597722144987667,52.931756882186775,73.10897080286239,16.454736821697427,2
36.33919022318011,54.72597482413043,134.58675208166102,53.83689391563412,137.30764119066524,54.690291021880356,20.947399106105404,43.77942867878723,84.61621006476659,19.78919815554134,1
15.0,52.56029734313876,135.16551221114662,59.46317580853646,130.14273067836433,56.64862218828548,25.03721986597599,40.42151613817511,163.05262197666707,11.045591041527173,2
31.864543147694278,59.82690983945514,101.69617637438009,59.32197078420807,120.46060580603356,63.423378344896214,13.725386659988537,43.406377678540935,109.58093133126471,15.170040481140735,1
23.38213535231612,66.65474444462576,118.53474618777913,79.50307591973575,125.9296368707322,75.54160420714774,20.923552373905416,41.29417237599217,163.59826428127633,8.174891022866824,2
38.52433334796224,60.1437006501813,134.42594934692806,87.10613372581925,136.863184569567,68.53975976552223,24.689577687553275,31.51952888059833,117.65308022824446,18.507473909623574,2
22.074792615672994,31.591257686683548,104.3130838851877,68.95550781462528,131.05894453115235,64.1486550036191,20.06249660953625,37.853193230095684,64.74306681126427,17.59435590220061,0
28.85263558533101,37.204230332642986,106.94629459846458,68.31178276809989,135.84412980472484,64.63288530118106,34.34201527833384,50.212799050138145,146.7620279919516,17.479025105137854,2
35.049872789804574,43.75181422304321,101.27478629077035,70.70052163113182,149.76440584515484,60.43514668643466,11.657003705609023,48.216785413765,102.30323046733176,15.008095156784705,1
38.657551941701215,50.26091050210834,94.77864903960699,81.6187830260819,114.35758388288949,65.58139514518507,25.293642649419397,46.6805980596682,140.9606644055113,17.073864453943955,2
17.997035929442237,55.17659020469123,100.26083682400989,60.72646865809426,146.17212574968624,40.0,19.135991313017676,35.04851518146621,120.75632602620246,23.021695541542982,0
26.654987641590516,42.742561868465344,91.64089599856615,72.38368982734785,131.04355937523212,57.033925409302014,23.859600774183377,43.184968378643326,73.70645316171388,13.574528714789931,0
25.25054688839044,51.86766764477078,110.51125202388839,79.7519762978243,121.01215951676872,62.41321934916781,22.20653575849623,30.0,124.92884296111707,15.693225918550423,1
23.46670767426288,42.44617067646678,98.45040153412037,75.01094169939846,116.6968637426101,48.48985916380493,16.334219014450017,46.784766638853895,185.88669426458398,9.569368504092951,1
47.65454240281097,43.884821970080516,113.50678867686122,71.89581616598744,128.10879609222965,63.8632331781156,21.1449819622967,59.288577078135674,134.78959375543377,10.658695192008338,2
34.049817109609556,35.93338903151778,86.66156530694559,80.01046092567141,139.21650111924458,57.95528779013878,10.710492743008563,30.258678679578942,118.2744674098361,15.489066465466538,0
17.391160456649548,40.76766753889096,114.96320348321686,50.0,128.72450879622465,77.5547569831549,23.016237502856967,39.14072326682245,152.26030205870694,20.519667733509536,2
39.17861947054776,36.48315394383666,122.50293442413387,76.77875319530908,145.11154930247346,75.73019725214857,21.49079232995263,48.2910677871013,126.32005395609332,13.718595878742137,2
50.0,40.241267470226674,80.09396536142816,63.45924316872576,115.48824309948441,55.34194430881837,23.19330084321551,57.528426344274834,126.28602690788384,13.82041735343938,0
40.32465260551147,60.536417966078396,115.61084854771359,51.69367103143543,129.87911052153945,58.49162288433305,25.290591625435752,40.51775383699851,87.25124483522691,12.965573777478127,1
15.0,40.50601111168057,128.41503488709938,75.11202599524981,117.47606555586881,59.260524343916074,21.838099201048554,38.077496707341034,127.01544077368796,12.326216645778384,1
25.157659271337486,70.0,91.85538471963191,83.73658545162958,133.6363188262497,55.483405238403776,20.740447098991382,30.0,151.06330249250834,16.474857278544107,1
42.669111491866225,54.93317900880889,135.08858580256555,68.62551485372308,138.868873900973,61.950249840281266,15.59465831669354,46.03438129308106,94.91813543699926,8.0,2
22.923305343812192,51.84836123694874,116.28528514049067,79.52874547202939,125.79238206318946,52.4171793111241,16.438896181754746,65.0,162.73487463740844,21.40469788333364,1
34.43819428146229,41.41642219818787,99.42482216362387,86.12278257988646,103.95786143372865,48.693846650624735,25.933673100886654,47.77358461964676,117.24881927564623,11.672888509352697,0
37.74634053429337,57.003098794089915,109.16346383513441,83.14914453584048,131.98948146796494,66.22711223900268,27.181677028529894,44.77721020816287,93.36691465384378,18.609517427190706,1
20.73069528421917,44.24362173762226,118.37490368782584,86.39964529371393,134.3673855173351,66.29529584221811,18.80944781843973,48.22082310766986,149.92896230760732,8.65000701303062,2
29.404746439382,51.220098146453616,111.14008087118617,77.42127491071892,134.04294754961697,51.956842403400074,20.230013736266372,44.88907996051398,111.39617292785192,18.34420065273109,0
15.0,70.0,118.08133988669553,70.75433638901593,142.35782191822153,68.95355430762599,15.476928125031169,36.8698562773987,142.78544662458324,18.359723039072488,2
19.756123586657104,49.0394010027535,96.1898961038095,53.980341881028316,119.28946320350951,53.68422270834669,25.863784226337224,53.232799156777055,111.24724103224389,16.921010360029484,0
27.474318486068398,61.49273326285676,112.54041236054117,67.53937511870052,136.8021610545045,62.53165238037981,23.32708411845889,47.25761523111754,118.20521569410289,10.027857391001039,1
17.522168180351507,42.96823574874112,88.7942825464253,61.567534046838084,141.92507512477974,68.20344012612456,29.706087182318747,45.176132519336576,134.80680613002875,16.247740947990387,1
46.32411303931635,49.65011509503038,108.33160907976949,90.0,112.21412415993484,59.66387435296287,15.608384614101306,35.2463397272175,128.72691172770018,9.084719076328055,1
15.698586220393674,67.7080063563551,96.44138537802816,68.24114187567663,133.19651825918976,64.54740912141135,18.109960504908916,58.03507931934759,60.134046586447845,13.736183724519073,0
25.59955513303016,43.730329422122324,98.9670508611535,71.23204806784486,124.95820168992329,54.835703561124284,21.157229612627862,51.6470274533311,86.36268779716825,20.14706550477663,0
31.307405772860914,68.12448557996929,128.54139762815657,75.51485376040468,129.18477326898355,58.03533416571903,23.232447688628852,39.47079162632698,147.88229954372446,18.98350963535371,2
44.412732890661154,57.07751935455475,126.36965180891403,70.43602446372454,133.47676483538336,57.94140569119659,18.92166181226184,55.01824853681937,116.03590233295358,15.075914712702165,2
15.641378488205607,44.37533224105732,119.13707181360766,86.95051040430752,125.12771435886448,52.53421653459761,15.635194547731498,40.02429161614793,104.28806091685735,10.125967120385791,0
41.63163752154959,56.32407739055521,93.61530852991132,63.77350638265548,123.24291920838388,58.23225836884218,24.407037644617855,37.17996507488963,79.24277954227577,18.227938560870967,0
30.10233061019587,59.7255444962673,105.25387325457797,71.94607455237242,130.34152417488025,44.51381701136253,23.605676812727907,37.40296882519713,87.60791036172455,15.096906188490125,0
20.18491348952049,56.21809962217196,128.19646549968775,62.57529414301952,119.12754061137197,55.08846252857895,15.418629497181374,30.0,60.0,8.0,0
34.62103474263271,34.297752801095434,112.12575370459857,56.79977488779294,119.14174871114815,57.15124506630329,26.77721400552748,49.71542380418206,116.961578438954,18.913149131582593,1
31.990596955734702,42.728628241751316,140.0,63.882309090947146,136.79373282956504,57.4382024750462,25.85099354598302,30.0,102.0468725825686,14.87883583065154,1
23.997831228412053,47.52481364448495,115.89976759091557,69.62963202951588,118.51205964841344,57.58502554129221,20.671482486238965,32.71556168734237,91.00236327044054,21.01225623991536,0
30.69802084990019,49.25566570899954,112.88073674735047,65.7069777548274,136.6631250090921,59.382358001398714,20.39798931188018,30.0,117.9562972449614,9.523647405785976,1
26.1468640313824,56.206720975506784,105.36325303696248,63.07579020126144,134.62591292853952,64.79441518086064,22.770288855579537,44.13930307209107,130.91911892558215,8.0,1
31.13517345251248,51.777010009332535,112.00311357173423,55.93682536328166,112.74193271209404,68.74517074132523,15.69148464871871,43.49679539728128,182.79593796629834,16.395419291725926,2
36.62130674521047,36.64655641289899,107.71295245429184,69.16894427371305,123.22435347664344,53.50234773151733,20.15015739582041,41.73303786813636,74.64349741310359,16.457818383409865,0
45.86016816145352,53.801978510059634,120.62163015032885,54.952796259689975,141.94109403047372,47.967991446108556,10.0,34.57422305329423,154.78143129901565,8.0,1
17.62184501173151,56.10585745283823,124.35053475191876,77.60055963689602,120.18834468860318,49.57955587756897,24.38227822751468,33.2776624656336,149.19304683045215,10.107502270666968,0
50.0,55.5979044793104,98.21015809238075,70.82439752934503,125.35595737690612,55.12797078805073,12.192533887790702,49.64369863546574,96.62721781869898,25.0,0
15.0,60.807807255546216,90.03150569663333,55.4244850053507,134.62060893251896,56.48078682183491,27.517099142144996,39.494480682915125,126.09707863758094,13.471946929230983,0
28.482149049644168,58.33922154548904,82.45691940345056,66.90790922950137,137.83390509282594,52.30003933802543,18.349399530167748,48.16358321536145,106.27100251987154,18.65479488188108,0
35.883172064845766,54.59180079228437,117.61986990368815,62.478435944094166,127.48461113955504,47.038833357501055,18.941665090344117,36.14751313875777,125.57065741256217,11.746700863158082,0
32.809918677350325,49.29834288541353,93.4495009073919,73.19174510419181,124.02489805308359,55.43879172525812,16.86133046957747,46.81062742771083,165.2739304021365,8.0,1
23.773004801794063,33.39039066484008,80.0,83.40450446023145,144.22369861698508,61.814266201139716,18.55980563038962,58.032780373160634,138.1681869789394,14.148708766020473,1
27.918777496427246,54.296182191325855,115.82867906796446,51.248275303542556,147.3889966379758,65.95029465835565,27.092656725740184,50.861658003927836,135.25825119700326,13.671977198569474,2
25.069990653411672,52.076876871631114,140.0,71.15026079147417,139.78858050781795,54.42576946891679,10.0,40.875861817835194,107.09072040136073,13.000608806658143,1
24.106352430557884,52.715788371953735,109.9089363269016,68.3986720443336,130.85318142565023,55.87002177856566,26.384826930440937,47.571989703559275,75.47830005226994,14.426795822468037,0
38.496020970210246,37.232514241796906,122.57736161677462,76.71340076450466,121.91734278359074,50.73301691152689,21.69011740550854,42.59334825469787,113.74595368378776,16.32134135822818,0
33.57015485965047,39.189434595917376,111.22744037821347,72.1319662823769,121.69555593443435,59.685608296252234,13.964891760713922,45.07880184694728,156.19824464591744,14.249415243730967,2
23.07090404739346,60.53152853332904,108.51665520213287,62.48030668261181,135.22514105265756,51.515713658091855,14.62343803475381,41.743889478514966,74.18496430231058,8.67996916026318,0
38.995998754332504,49.60444846143345,123.78614724481653,66.80946064333382,134.18398220888685,65.731278132412,28.381965136041018,43.356647941146086,88.34731895469915,17.430923957809696,1
33.072995208766095,56.81500697372624,105.64588183717024,62.03974143196511,144.0159859294643,42.14133508065889,15.272465600286344,47.12093353074175,123.78803208702205,8.0,0
38.1286211883896,50.28318376130461,114.01088471107855,80.76007138598598,136.50450092536138,56.40370327547538,14.233247447020203,35.06641300418049,90.46035645458213,8.0,0
36.29628841923612,50.297561394957455,114.8254670929402,70.21311648671943,114.96919698240183,63.01107339191742,25.686572711823647,34.84121173010021,96.22429658654363,18.69590247350784,1
21.710049890779278,59.382838059759976,99.97864319535427,89.01190685753008,140.5194761772292,61.83834516322504,21.692764381429573,31.114574461687887,107.29204254815468,17.535101360676784,1
24.398189598030307,44.83955271782626,124.88063524304785,69.39339186185379,120.01939372685587,80.0,15.310372117318007,30.0,79.03147787429552,14.71302317462982,2
37.472936051232615,50.96120776940983,107.37560364956887,62.91593233089537,126.16028728047648,63.49800024567907,21.083124877023096,32.82717307779521,90.77634461350895,8.02275747622464,1
36.10370265433465,45.377247112949576,98.66382260760733,54.862856073871725,132.50200206251694,49.959454031579895,14.871236581798613,46.59462506804129,141.10283750361927,11.460445296629622,0
29.790984060358518,45.65503772567684,118.04764765355606,51.96860323744055,149.95667489783963,59.04535752910927,25.504106992113027,36.07212484508116,80.77890653307108,13.68626626156748,0
31.17327383308782,46.908278765313604,96.52298027313444,54.158640569945106,160.0,42.23753666533548,25.30685482436567,50.13614464231096,72.06383596515488,8.0,0
42.77664895788425,52.22133771633713,110.42271736053692,72.67126651011483,136.06723059136183,59.194002507032394,22.660030994109714,45.34713748752562,101.09925061398317,11.304856709883836,1
24.084286111641703,45.212513783365225,109.86321505033695,75.08725023229934,128.16803381279612,51.669439429992416,21.808305306235084,30.0,141.95866507529536,18.261651690883397,0
35.470973811700375,62.55756125573521,126.28843348747367,54.188092979678665,135.3450564848055,69.15390275560162,28.80594062433687,51.549755842216896,114.09234576009331,22.136526821446083,2
27.97807347566106,41.05392697780496,117.12047349319928,78.95038314076115,138.87655425873837,54.504597254044654,19.998431636941127,53.1079864559171,106.06256765653146,12.902826236707247,0
27.823187967727797,48.13128355838641,109.62459561882284,65.1693894831656,126.79332374442808,58.832340842047536,14.090629372895993,35.06137325165147,121.3307639254682,18.78244177158049,1
40.9877685198719,45.60268941725825,122.26649448800431,71.4679301198555,147.95211355912323,53.64442158595597,22.247369564161534,49.20191542894992,67.62877701421044,8.0,0
38.2541634898803,64.46977884353733,130.8531132352597,86.12220628255425,132.30070759191403,77.38851351853332,30.43023524768557,36.43501762590801,134.84116961325097,18.297256205568058,2
38.135096360006386,51.965547765115744,118.36715459527794,78.96839315865532,134.97743089091395,56.78757233882088,14.92620253407074,45.97670376748336,131.50305094210933,10.980257926362594,1
43.05478807154329,60.31844539468635,110.15528929765071,67.31469352094167,136.6592425205446,78.32557043479201,18.19268616653007,32.35501593045034,107.72074577712836,16.53672808353985,2
30.210038416327592,35.14439626963028,90.32245651474761,61.08807774584713,134.21586610614455,68.14151762118266,22.082230190507264,30.0,150.1777353538925,13.761237908801453,2
36.81952971294964,52.67050265869259,94.02329505386942,50.0,138.38940500469613,64.82066727335386,19.730475754971305,41.17182810387031,86.17511703140883,21.60207004891917,1
26.89733243406544,58.89630795623437,105.42162943467999,62.8084668075758,123.82746813453076,63.6873314731752,15.088482098113428,43.762710537251635,153.83726979760706,10.62782175830041,2
33.24166352488442,50.82283989275424,100.85731696761076,67.88869761172306,124.4169824605397,63.93797298216251,25.609289281152353,41.02320306385396,124.63480996785754,18.138031487809155,1
28.698569456323153,60.654803750653514,107.19543045521831,60.12820472848816,118.99845767028305,40.7232742065439,31.600203610086297,33.1596944177744,109.90342230365479,13.602462683517333,0
30.969959649927183,44.82711549899628,110.8497488734566,68.68743032907695,134.39501230620226,57.21116605849244,20.980657295119535,41.00100937868863,119.40379093895065,14.20847260995168,1
35.95157025436914,64.0934744018558,117.94539131535096,70.76851882958768,137.78936503512114,68.45157971184321,15.479658551319998,47.69294752580734,116.78205702567175,14.080730534203951,2
21.817793167665275,70.0,108.94251832911362,67.75144018191921,134.57772866151885,59.51102816525894,12.255197374732624,44.55106969877463,156.60848689253152,10.771634477529435,2
50.0,46.37161439560341,117.29752465739303,63.4999741917654,146.74492433347538,45.94810153196425,21.289879906105906,46.82501030599214,87.6996261758696,14.929505170466642,0
19.93982618500298,45.54497478599228,110.9671162221518,71.68654671966728,129.94403981170953,59.4759554942253,25.519386716581288,38.29884799545767,97.12442282560205,14.686758889390893,0
17.85811387212268,64.533844771177,80.36800150469193,74.41940649569409,136.68741655592513,77.04105516255491,22.375838732476907,56.717179147161595,151.0890867621744,16.206201242033647,2
41.581108735000676,65.79572145730712,95.90996909271868,59.096009225571535,119.08299123860685,72.4689171553472,19.98798079540573,33.238266634452195,102.13395194448422,15.422525728464313,2
37.91662693962936,44.771399728467316,107.83868666417577,84.10932379746271,126.12900297525599,59.379959906339685,17.053641741053468,49.875602970867185,147.01599231994774,18.98997274806118,2
36.24119817052155,45.798131829041424,91.85457885738339,69.01411867715738,136.95537757565776,69.51449277058086,14.53918183640955,56.81891092959962,170.98307949026128,19.617543080236842,2
36.2834550926428,47.18215391139493,118.99893094994307,70.18849622944848,138.49102110743144,56.33492979631948,24.17375663162441,49.80908092748896,107.94614919175099,9.746883390860994,1
29.877532271530853,36.555494889657226,132.96126248515546,77.08214423256557,127.06033052335818,42.96128413173281,24.568858106927927,42.9747577293517,140.44086979725915,19.343862502953854,0
21.027456285141685,40.81348053515802,128.28142777545975,72.33216131263502,129.28400748141934,50.75534011870445,12.271351066546334,39.71702953337021,85.38923155980424,9.068317864450728,0
30.758045581937264,39.95859233247932,106.79835693604689,79.53136633913245,114.82126253319191,75.62888768508198,27.94919489090342,55.36087651046256,142.64199894203426,17.939279440688676,2
23.228382884878883,42.32202434895871,132.36089205274928,72.87124165201824,126.42970799193391,57.26006918170696,22.870356104470005,30.77025074738327,125.98271957960301,18.098693923514343,1
39.75119733417751,49.65315112613219,112.23001185803167,63.87562625359562,138.90383163519786,57.56616020624982,26.997973225728966,35.29875739620356,134.19114846480645,8.0,1
28.529426184978615,52.342147325365204,104.94371043322941,73.61503525206102,135.75205016106565,57.00161803725119,13.289361257574424,41.02442234508278,100.63283783893814,15.464896232647048,0
21.745028032074885,65.50500492814076,100.79896004688591,58.56273792679338,135.0066572138121,79.04136589573007,13.170879222922807,57.37653757511998,70.16749753298483,12.657519433198422,2
26.786141583470066,40.016459592612094,105.46295470267808,71.08559705776523,130.4977368718096,76.25958915362062,19.255153451163515,48.79767636040896,135.09756194248513,11.206173710323124,2
34.12931454275624,59.843223984765835,104.17734772188157,69.6677000935554,130.07063158628176,80.0,22.51392213447597,35.31954241489755,60.0,21.75426165349503,2
24.36275447196025,47.86011155774491,112.55624333563232,67.9188314272746,123.39678860526553,58.40954789599949,28.98180411463482,41.896922946150966,110.47948523272396,11.731604296812906,0
21.777796044335687,49.50536290347567,112.40860971574797,68.71462488561069,136.98828420202534,62.95624488747095,23.530394569075657,38.85676855903706,148.2354559925991,10.96811535440975,2
32.436872114919126,56.74819492166604,110.04569030230121,51.18150954502361,134.2097294438939,44.833574505792086,18.786593615939832,37.90211007766465,125.75693207619108,15.378474700025468,0
32.44966571108723,38.772779784377015,116.55407254619524,64.51275092259039,134.920188479928,74.76934426118274,14.86815396167054,54.78889558556779,178.45027934369438,18.42794873149208,2
24.9305682462887,53.82409746184051,127.85969412179512,70.92844901141115,124.7396515733242,48.32220448732065,26.150002863595752,31.282568707364945,150.7532745774532,14.291757069949366,1
25.28961694381677,51.66452208213056,124.24331203161985,71.598563919974,108.46657080128756,62.16775563762629,15.176472871246425,61.087808557343735,100.38304835023271,20.831852728346263,1
32.32049937357636,54.92451264008149,87.72653047325144,59.72324859074042,140.97152711753697,49.02697472367156,28.142342773861607,53.28229690184623,120.81940139554317,17.654878309820454,0
15.519156585026758,52.89168643907818,80.0,82.65707840864701,125.21162543991596,54.11133173261304,18.578076751967455,55.90861670603698,118.57887892366692,8.0,0
15.925362256234447,70.0,124.01479866858911,61.33825151785499,121.37224235956879,51.627375689503,27.952910363089252,40.37060487974742,72.53469709961618,12.352665182464959,0
22.81555778747564,43.62260015748684,89.49681952376868,79.69457200526736,136.93478911913994,53.92124739324182,23.39465645029639,43.500592809208904,91.7880325054694,12.190789503241504,0
27.865528482881526,44.690030449981826,106.62851897160975,74.27194361871685,126.07987360080871,54.608772968510216,19.31502255278771,30.66848185475288,103.17717279060419,17.39680476714711,0
33.10907565598005,43.76859473575236,92.44830460910961,63.53772690156197,140.59936384046622,54.517312050749226,17.403018140869367,39.753375929331966,60.0,8.0,0
44.753562169495524,44.44522880839745,82.9702934362997,87.75310892609512,136.17005949576696,68.33333911780306,18.2954606132696,49.93654847643151,121.42480404754929,25.0,2
38.576596232020194,43.62612872693482,118.12194092307182,58.0636316824352,136.8356932320048,48.9513720693748,22.141583461876188,57.96063061781396,112.52784466040877,17.65513047447105,0
28.40061470036573,61.89016531107552,121.3873274045397,79.19154173610002,116.34044288799466,62.20541427013867,20.385782481088583,33.92843183197549,69.81318296065277,15.744384019588455,0
29.809837920973113,64.20504247989855,101.35234398909921,80.00582318042979,142.119439853864,72.17959152305559,17.030942959656475,41.34494063014734,132.12638595831996,20.90783858209573,2
19.97470635362191,44.29253706250524,80.0,63.293797909233554,132.61250531233856,54.86803635486604,19.17184294841184,43.48700779767478,141.4761823407288,25.0,0
29.8148686400761,41.67644426895771,101.80633327621275,83.92465300064329,126.30722860753797,52.82081109252398,20.39288514859575,31.042107978075148,126.81103436594667,19.353733222942015,0
27.113413610798617,54.71415556386404,115.8770600810382,67.49953485401048,131.4338846734225,57.69475374819749,10.0,50.913492417584,110.2779547437309,19.7440654823581,1
33.227185603380896,44.477769557190285,87.81632646838807,72.88693629279857,112.2376476710168,71.7972520836071,22.290840573943495,37.76009668257391,137.74326455255564,15.653450122321912,2
21.72769056447677,56.32931817755511,112.75039879668734,72.6032183877122,134.0865281148067,61.94107630953358,15.101393876415965,43.04609648822976,140.40661081430073,14.292371233165259,1
35.193465142411725,52.029230208513,109.77035226240507,68.65691258529452,119.70628491817928,54.68785705392401,14.233337983971275,40.48050628088122,129.22210709159066,12.621022779975494,1
45.32738913002578,34.84255885002768,118.68937249401633,78.10808273159782,116.47329714156466,64.8387665118804,11.56327826444645,37.106614942803255,95.26163248695717,10.86944004142729,1
28.912398515431423,65.47505201330061,111.79370552621229,77.93488720552213,114.7764081378211,48.977078501635766,11.03053751066055,44.929550145194455,128.2980229653354,11.564929501502514,0
34.01711722098941,67.95877673095522,95.40396588677666,52.51468026761819,141.12688374989926,66.81359510442948,13.222762484438555,42.84390421431978,155.86441952476437,8.247220178285083,2
36.90143991711113,43.87211309515614,127.94857252496737,83.04340242878152,123.70736606307212,64.08607307701767,16.45489521184755,41.281421177213346,102.1011282416481,14.620642746574884,1
25.987795281141636,46.122984400640156,107.62205640459545,53.37508011964326,145.337277099165,56.92191528861116,29.76629568763284,37.71538378319657,182.93818017397294,8.0,2
32.24092481810417,52.85865390724905,109.59043190735102,80.32546204341658,124.64198536947703,51.61414201552769,17.37060162052398,48.195246707829554,104.23107198043847,15.954582620718554,0
30.12592400781795,53.34456789987025,96.00098061390206,81.26705136827583,112.92642042407053,51.133190777165424,20.888750531340158,61.536172684922846,120.97221040020409,14.818346959788292,0
30.97676098548832,56.5854427267283,103.35076623212734,59.09033569784802,118.8347556005134,65.3481733634591,22.002406932531642,46.39887232839127,99.82543211980992,15.734676491933438,1
22.269902161445337,70.0,96.72795928959648,65.89185712045415,142.3581162000694,72.28980502489063,20.655325931079243,54.96118214911129,126.69812507760783,12.389342149900038,2
30.245101742589426,48.2305277250595,107.40580910114866,58.94295331514064,128.44101822063334,53.626922529712054,19.612782696370033,31.097780748465375,67.73334922094175,25.0,0
34.979982912454496,42.01702755461546,135.67562720213516,67.85078969711265,124.51712703509399,64.58386703551484,14.023531182003776,46.5776143929377,103.61874603549836,21.800579500901563,2
44.51143607795042,36.20680771985473,89.42148285602966,66.91965715814258,131.60018225852787,40.0,27.25463774139606,34.02631681028933,87.23636398954298,8.777287499576385,0
39.59270826085207,42.69069960058081,85.79657903184888,77.7966053226934,135.01782736167544,54.153822693428005,29.035983218189426,30.230750724680988,124.06015043676872,16.16434043713449,0
50.0,49.66873027126203,132.06755491240412,83.10308746119608,141.17398815902462,59.68941067129098,11.586706529386571,37.60628592540964,149.83342126526722,11.959969285313381,2
22.326524371119504,67.94557863517788,106.86014484272201,83.95683810789956,144.48499229892926,50.90316583018166,14.879857045568102,56.91899334413573,139.38018561343654,9.92760136646293,1
38.723206367206785,44.823887009638284,99.96390892010125,64.37831973421697,126.40231354210914,50.63493625210404,18.60094828811497,54.500158286696454,60.0,8.299639644380326,0
31.833420057383517,52.237879516388986,125.59857031094114,67.90778126255472,116.73952313917962,53.322204435311136,15.177311025449043,47.430047220544,181.2620895878364,17.16108345379627,2
50.0,49.83577103927248,100.91576690394703,53.1656180777905,125.86534838876725,62.921927283263734,22.529827767279325,30.0,128.85839821862606,11.593098824652131,1
21.917017146448487,61.88393273448084,137.39014570320404,61.94129933503811,132.60280506582887,58.12670981593625,16.358638987966934,43.03719348612063,96.70502578520998,19.839130120126022,1
21.60278157819224,70.0,120.16888807008904,79.64851633097457,120.3624107378939,40.0,30.825280339033014,48.01700008901736,124.71383756972823,19.968911072652194,0
24.00607354555978,44.69131227079679,102.68132887781447,86.15582823548232,120.42849085104957,40.0,25.95274297171798,46.75536229578598,125.28569467508078,21.869571926057247,0
15.0,45.10560557481778,140.0,57.65651128120078,133.43787881549886,53.931348221428244,21.062870153161075,30.0,99.99453849145308,10.738066169629482,0
24.74244978319239,60.44160877069072,100.91427615494993,64.07535740847106,129.5134764842955,64.57686586053552,25.13493131659866,36.09682151980128,125.93750002026226,17.376828053460052,1
22.40867338446302,56.81891489626312,121.13143058013961,69.73594243041073,130.32796995411587,40.0,25.529502121786543,44.35922235851283,101.77583137139078,18.162271083211504,0
31.503937864762076,68.46707325736034,114.48938870609737,72.80161158819607,122.41504665299931,55.002698238483696,17.180262559708783,50.3629090951719,107.86914021929931,12.629109124480175,0
33.41755975777159,55.839281853259635,129.52611934098198,61.90396480078354,127.69599285794233,54.73752143482579,15.918913777290175,30.0,99.41162592734747,11.141140213035625,0
48.761708392158866,46.40707909212941,133.4226679509028,74.2406104446409,120.75766855731696,73.88337778208448,20.390715314848237,43.37876024520141,77.01986130781042,23.047603328879866,2
39.5042383818605,55.90654830692309,110.4800622359865,65.26160652929084,138.90198411124786,56.149781882871366,24.308180622489722,46.43048769878952,124.37509410646152,16.13747937866027,1
24.23096344337597,61.087035805829075,98.69873194480725,69.85547729121721,140.35249334723753,63.829889847409284,20.695301993267087,53.49611988516213,137.55898309549013,18.17983875355869,2
21.01585328651642,58.204821811973645,116.89958214408675,75.462842480037,111.53812137761906,61.41257140087463,12.115017589045014,51.928575842374364,135.44650788229117,10.889619940860364,1
34.919191715065054,55.07274031107298,99.8342694537184,70.06422269810938,120.7048913980759,40.0,15.985877780245788,50.82571318808805,144.59775757905703,8.903577667389031,0
16.797667929793576,60.666746895891535,140.0,65.63614109473431,115.03470744909922,67.68207216631737,19.63013568202811,37.00059493298066,129.73020630044604,12.152751127539448,2
48.31458765854354,61.692955904456724,112.04802996624106,68.90390196074169,123.49976065593101,62.15396505456288,19.62167197837085,30.0,104.0182350534929,14.379893063050014,1
41.79440120721287,63.82158991037527,104.52017673031837,69.11637040794665,129.16562030209639,65.0826863967459,29.862710883949042,41.06947242938599,145.18991593293566,9.678899965913256,2
25.308243478952953,56.48709887589643,112.77020458797362,66.29988970117873,115.5035478030147,80.0,13.07006028800501,55.0163182520856,79.27447380474194,14.950775956748085,2
15.0,48.328819196831454,89.79310565705455,67.41203937332898,120.78140186874687,40.0,22.527946209179373,58.93454527524432,92.9798585246256,8.0,0
43.538723741654124,51.46713686433323,95.42578942234023,85.98647170504717,119.96042627918501,77.24696649761108,27.44556554164145,52.10549102297785,91.07399785730266,9.399762887650638,2
28.85460154747382,62.06508966508357,128.0062086191664,75.6091944794124,132.07267329398945,57.12552480599644,31.35724872711398,49.29340822801734,152.4016817741793,18.354556241384376,2
42.378163119734616,41.83064329012764,100.14658581542906,67.0451968197084,130.6934433703625,62.873289044030095,17.978012884080194,48.79639648385965,148.28365542420227,18.018952601389472,2
15.0,53.686733088729014,94.2963352597709,76.96954404510736,122.78262446662747,59.54487754698758,22.457147263600998,39.43881253239219,134.61915711134984,13.040616173065668,0
24.006249770462272,46.06661187672639,118.04979128790929,66.6618051024399,131.768208721394,55.757636666019565,22.848801785993235,43.6993970644638,152.1578959563539,9.911178454615236,1
30.052436997181832,50.28744822934817,127.78556231994496,81.73124637586642,124.53319915412735,54.30167071761241,20.977408657766453,61.69069525826331,93.62151652764035,9.862982242369945,0
30.469805937647422,62.78451862607299,120.784299659976,73.69642192198094,127.28344889673947,63.29508735573009,19.50577399380347,35.574419942081235,130.45785359582942,13.13365877029343,2
25.499345285207564,51.910990680199035,124.94071528708724,68.92697855995772,146.73452090298537,44.82826303328321,22.17987694750023,61.14778790709852,116.24476714850508,18.22259245822646,0
36.228499323474985,50.46436548156149,98.64807367145809,74.47716925810278,143.40461051790348,67.50579167521765,10.0,41.77971845507942,145.40646311654743,19.641228456721624,2
19.323795706174057,36.40143859020081,88.67283999887235,54.291238479315005,117.00418763072402,55.83805595114746,23.410347450313157,58.25432109095078,116.54327302343407,12.517341322590156,0
28.576205149787064,57.46253566027221,132.5200047793323,58.73232531090195,138.29732417879174,48.69930660959642,20.630889518309836,30.931849905024617,108.45171334769756,9.232537870076081,0
31.20295631711899,56.45484181141075,105.15980241736797,58.060749936009444,138.1139655449159,55.49987142004186,18.887625516108674,50.859042011646494,136.2272555568297,16.339218189331667,1
35.14438834058749,70.0,106.23750475317429,71.42943094763707,118.51736711247382,72.57149216862572,30.23431097859779,37.63229864052378,146.285075015737,10.882325146870752,2
37.1161487808889,46.92221765046999,129.92291212773586,87.32514999485092,138.18777643754862,54.64664912983777,16.625329906047238,30.847328080758125,99.94964415459594,12.408736805693987,1
18.753579081621307,52.19150327663939,118.3434501410099,90.0,145.37931918412554,63.5845361820962,17.984620054674846,47.185340424109455,118.16772985942872,21.626380452185188,1
15.0,52.49383683710755,116.83831658122412,76.38051101440757,118.77455193755586,52.69043724284526,29.95776651102367,55.09471788595969,88.24678099075041,19.13557714282884,0
42.77676821898509,65.77453279763475,140.0,75.00844474944456,120.82497178985736,67.57921849923619,15.839693475750718,36.550585614065035,60.0,15.789871561257259,1
33.323140119795916,49.047044676130476,100.34722654429785,51.989422658472606,140.17661466843504,66.85507738790204,17.249423585317306,30.00984039541599,126.01378894241186,8.640404994436386,2
22.515134634434464,52.790215257703395,123.91760192121856,64.57326200265979,132.71495310825648,78.48608833296412,19.26487288284575,44.08155235665045,138.26716068763895,16.056982837353296,2
45.51151975522523,56.078965097165394,110.85519687345626,62.12216248091761,135.51476275239523,58.244360545007844,24.203672410647748,44.12564671222819,127.86200427260177,20.313286453937632,2
31.156746342928585,51.86609123156358,114.02888418294886,63.79152401748884,133.40589216400497,66.68654804757907,21.039012536766567,50.483196275544984,61.513148467368985,13.121831671172322,1
41.792971840638266,45.535663854494715,132.92702639618798,68.3185618141521,133.90695920928144,60.98067539538945,13.536873264238686,54.495945713644886,109.47451709770576,21.755570449933575,2
30.67518481410109,51.94089992898308,117.61753634434436,65.27909422302872,116.73527871688917,72.95871781863015,17.33915718436405,44.40584818727506,60.0,21.463726447591036,1
50.0,60.73631749859772,118.07444118574449,50.20700189624212,140.47317706621448,52.8116761239127,16.963227833938944,63.55503314794263,161.09103322962554,23.31866416071737,2
47.55340842443204,39.7348470058894,126.08761005964703,77.47910256117534,141.69589992427774,67.45005312877281,19.613894773884773,47.24234744535292,87.41836253645742,16.526215632656765,2
27.510358515209266,51.32969674146876,104.52570905685673,59.27256974260193,127.70609255931973,58.053027038833186,22.129218293149144,41.535734939931004,157.6621082837969,17.936958499030062,1
39.71570950954356,42.99879185060827,97.4118549899149,72.39246864111149,129.56523050186138,59.358118228915025,22.09102877943986,30.0,148.37608931052438,22.070936441655448,1
36.45375949585147,61.950466289248425,94.3278620896845,90.0,114.68892497444278,60.91752484448373,11.11994122975799,42.37340479683832,92.98228942391815,17.236969685344878,0
43.68631557532349,34.76813095216225,80.50465115935998,60.80615408413577,135.14254756017834,62.52240396426677,25.319704937804282,41.63613054588864,86.01645146196765,12.493829461048936,0
20.350765394198955,44.410781527284115,140.0,50.0,135.72057441714145,58.83770956878042,21.262844229983116,54.6030479628147,130.51110649159014,12.757285817360692,1
36.86051459998439,53.772118750645205,93.45187451417476,67.13995778119889,129.3780898300069,62.147131831705266,26.92266023796953,49.62483624066854,94.67027888450787,16.192774768868695,1
40.58424486849588,65.65524029234341,106.68119564621342,81.00959634998571,141.24353359870503,75.78118057562185,22.22099163645336,33.206308783673826,123.07453926474622,8.547192890268906,2
15.0,49.34249738927012,105.84780050166619,89.58347454220593,126.6592276902006,69.85449685615218,25.50661478867881,46.72254386411038,105.51517227579245,14.283705423179036,1
18.16741487334225,44.44800473306802,114.61110046713651,57.70450405547583,135.646059258936,68.69154592496896,22.332726557250634,51.71531171729053,66.56524756603099,20.48273559115127,1
15.0,68.8115706944059,122.23605818808946,74.96699223236521,119.80335661307885,55.444604739761296,26.73112878101374,60.280313593878326,60.0,8.0,0
27.305931655554424,35.51986099583756,122.90710232539618,65.34689543219946,129.76447849125762,51.10759171771676,22.611253180088895,53.875039674140595,126.80052745483792,22.672410508972575,0
37.17542255795962,30.0,101.25383842146593,68.94051645695865,128.25645742097163,69.55300558237752,19.51042376778548,52.60846654311478,103.15326761008123,20.6118710935158,1
45.02357052096028,54.40014450053332,107.49317429320382,90.0,132.2530792204094,68.76046792529795,31.362173602234407,45.60085994615164,103.40730549257603,12.701176920847619,2
30.740947804197752,44.97945775647389,114.2386992573245,54.970296716048466,126.30473071166641,74.72670675750982,24.44518561139946,48.883120054234496,140.87591517281356,17.716954139359046,2
46.286155455712915,39.787671828692865,106.26963310724679,72.53739661494573,128.68527404328333,53.9601937403077,22.868722105022066,57.49504900706159,155.20326829897334,15.015738634531633,1
16.198985417851084,57.08356447299353,134.11018364029988,74.67693171765433,138.26047171441508,57.70451344639653,13.61847791730832,31.672226025203503,111.82365835914572,21.149951842193417,1
15.0,52.43800713771199,117.36462427457377,80.85786324939347,125.63235762761782,43.605158374745656,13.558461912682311,41.50560672783044,109.78203879270416,19.913415713849705,0
29.444523011033812,44.359213692632714,121.02316679074727,70.97983153470895,113.93422899261321,56.07528893939127,21.463577410709267,37.27431251243759,135.0042909934165,8.0,1
33.840654489393074,37.19695601329106,119.94321903001119,73.08050539504103,147.4958390420542,69.96570510579447,20.727605988841205,48.79153118726124,79.29193290901274,17.936312067320884,2
29.67305251905907,58.724573282801444,127.60210786227987,66.08351432578209,143.81454078690487,55.33504620771802,16.929387174958418,57.302221756507876,126.69459164243091,13.971860731783762,1
15.0,56.50201177958661,112.7153233805556,72.69126941245108,117.07737304894381,66.40479795200824,20.7049134980603,39.03025713278926,136.55657915466463,15.414162852590499,1
29.108799604872114,49.00824136220617,90.5475207806623,66.56807724502589,136.89707805245195,58.094968940021886,27.943134640217977,30.0,140.40690625252887,11.359140495150921,1
16.95530499495147,68.46636996047665,115.99531927628962,76.21571889856051,124.97025229448657,63.24057028221561,23.477012372751492,40.8777925497553,61.89741892492605,23.740685345604177,0
36.69672548830039,39.29915233673847,100.22964659312257,66.30389663956366,132.6348721533106,48.523086101843326,14.294957451236309,54.13473732017407,97.15934190573178,20.20030909951288,0
33.66598246096848,34.74474829075261,102.07074977375365,73.77100393902187,132.94224129013494,60.852094496339014,19.442455864285282,50.376299029498796,93.652102415296,11.301144180135164,0
20.60120213672645,43.080919301187556,118.7954602813264,69.70737186315021,127.65592199683678,40.0,15.975167595737195,49.281862478105765,122.99660863227639,8.326946965448837,0
24.861330826633065,49.54413983644502,128.57424607150455,81.26050250772168,122.16234334413603,58.13103841838015,18.061500417957195,42.200066981255205,134.42233739303953,13.07163684511076,1
19.407864781110483,52.43339449322692,110.31907365104092,69.48606276411513,123.0945894768374,43.6952675628486,17.931921671851786,32.209692637802135,164.90131222337945,17.17251323045653,0
29.37320902726828,47.5876394214367,114.63249518898445,52.26967531793119,120.83808084518758,72.05994516546816,17.611772086979975,50.15294321624467,105.15103558895781,16.201029219731115,2
39.551423205012384,53.520553965142966,135.53322416952858,82.61921500713991,121.68177791769556,67.77407352764511,13.724323140133025,36.65718189965375,105.07282505072358,21.26566412384122,2
20.142739536644562,37.48460575809556,113.61129769232852,60.94267699137381,129.32821709950645,64.66670981966081,19.36172659240905,65.0,154.49016056636242,18.94959861090426,2
35.040465155178445,64.4376460407326,140.0,63.4623366135118,122.84240010889248,75.2100622715938,17.19696181576345,50.70507208354516,128.89730815590914,19.847845128764533,2
24.69742381627559,49.178488216074314,118.48264468447316,64.04338705956508,136.8205206571262,50.51083479175163,10.0,39.19351697446049,158.02954533563923,16.634277003052187,1
22.071271677376558,61.172958315881274,83.58855861266274,83.74438093170818,144.87246155335927,77.47363197915558,30.264860122508317,38.88614752611372,128.6618400902951,8.05350634894505,2
28.92969640045442,53.42725346377704,121.30012431656799,50.0,124.19946758629958,69.32191564260384,25.44384827108336,44.070557933864116,85.28650143860187,14.021507344265492,1
19.647576775806257,54.567532191537836,115.71737577324167,90.0,132.39404500535377,57.63444712781054,18.11849637537502,42.6049807797825,80.0061493566658,20.300448699543328,0
24.463506946528177,55.69767280232204,129.34629131124117,80.56056809066052,134.99685110302934,71.35620147182944,20.094095248702992,56.16833775529955,73.45463252823214,14.74238535737677,2
18.021221074111516,54.47708560017315,120.09772026904938,72.23238914129159,134.72002270919273,48.93706487588366,14.14172826341219,46.864161697440466,139.8615550427542,17.515451843118733,0
49.64725132916389,56.42722759867544,107.92316024024339,69.45105999383713,130.75955267916086,51.75485838472326,28.47861438905433,37.683682610914715,155.65790469261026,13.406258423769334,1
30.352635519717285,63.29152530132431,91.63552645565952,72.85554074857657,137.42682418359723,53.914102767603,29.486443473865556,63.90440685155782,175.48086424159143,9.850940757290775,1
23.002744920074143,51.9652116970147,106.86465114070963,75.21122428379338,134.82248952680658,54.71022291935985,20.783468641232623,45.49308331520223,145.2931599696972,14.383279679769448,1
32.13979910734222,57.09003757588512,97.2421931868605,76.45215585950056,117.62337577672702,49.43442357239747,25.117653220926723,52.68839675968897,154.88515732604958,16.54523721516327,1
28.876719503091703,49.102643057127736,101.29214825292917,75.55604466003449,138.69156064389273,72.23083067095325,20.87643389466962,38.91773492555241,102.59951002038946,11.721561402692782,2
27.79030400466777,64.40117215449473,118.82867606630914,70.8958068125525,138.8729083726674,57.41145599630168,13.316372805620347,48.631156277445236,85.3075254976843,13.821443775716657,0
36.14166700043425,43.2360769794073,135.0485675652711,68.02661579692673,122.36713895821418,63.525049683568795,17.940883155181712,48.11109991143195,145.5023799725266,10.302683790070088,2
37.57507710047305,68.00940432910815,115.92007294734472,68.48726716346488,130.37937835447602,54.29648633586319,20.659639833859785,30.0,132.53042256718203,20.59622458782048,1
24.694988523894725,49.59842049355657,92.06175406947224,68.0509171964732,136.8332899281107,41.79396699451483,17.72726140628278,65.0,123.22333123022678,13.52772121205983,0
24.2418175935532,35.69224897881952,116.66904002330212,81.33770096867065,127.90686180420639,62.70057358391422,18.90673361282482,57.906444609225474,131.6211444189897,22.263777725630916,1
27.24948302848356,51.28104414910789,127.94947229968477,75.93556722280861,140.7297804776601,40.87745024580223,19.54300221245443,41.02804683854012,129.69556447374617,22.643739252704542,0
15.0,43.18948342525119,100.85325643520926,50.0,153.6387249461936,59.31365953914531,19.595607510672693,33.977302595441444,158.51450579560685,14.59477017639128,1
15.0,58.406435489887244,107.98974249990623,76.55900776529761,122.14013967365018,46.3168496116719,20.261292452487417,48.47561613803552,158.84956754450866,9.957756337263252,0
43.66874267444525,43.47376020697609,110.22032292093796,71.94736194718774,116.18955396846225,79.87275999230808,14.696974668016995,45.86697699414397,136.32661057021042,8.0,2
46.449677135012834,45.538165667852205,98.2265253037664,69.81291243554102,133.03818595604875,69.11362722174722,16.41491925436032,48.55668948563229,145.37408617688786,8.0,2
27.509639604436217,31.104592690544692,119.72420650765788,66.11481546911114,137.21562505126144,61.05753791271481,13.577078671500153,46.91577396194089,135.4218765727433,8.1308258755067,1
35.765569630557664,45.47693680750923,108.18577777088328,81.24112719986013,127.69133626155231,72.63706677654669,24.889077748431003,50.06240989305926,106.16490803896143,21.892348137307522,2
33.112501545435364,30.0,116.29298665860541,79.47526462122858,144.53260663321035,51.536840225342644,10.0,59.473056993918064,142.6969402473942,15.57912293613473,1
50.0,34.16097176514277,96.6876173329685,62.27122332176391,116.61394200276752,65.43479378670094,25.767951716584626,50.681032051286465,78.16514793422215,16.948022620459938,1
41.195749114345766,57.604146561442974,103.43812549514884,74.07052287124534,136.9291862303161,61.99810433718714,26.931746986314216,34.50344501090059,151.6167465688765,8.0,2
28.720824085192334,57.85800158650832,120.83572036741657,60.28343265458714,123.94139179241107,62.6402008133367,18.48909706508689,58.62562852712452,84.16431180701895,9.010167853913693,1
20.444595593995743,54.254575617849646,104.40750271862349,56.203818352110694,147.19377906207296,72.72353500106767,10.0,61.406145634882876,128.57409860384197,19.435398882231436,2
15.0,40.33023856870787,135.90445776850106,63.73282775410035,149.9251535316812,67.32492102779803,18.193447190163546,65.0,94.64538124721523,16.433870561912933,2
32.03463635867223,49.5228864385802,104.00545721578096,78.62393472382759,122.33343412216652,62.887236628250236,19.679079193555904,33.76505966760402,136.60166949223282,14.263973606572014,1
22.436492547156966,49.963974609094315,113.37027088627829,79.53125045376086,124.5044286409142,43.45112563771704,14.947008900355433,47.42882013150275,118.98224322216274,17.824211793000615,0
15.777462904023258,38.416353108074574,123.98886247809635,75.13085420097293,138.595878869798,50.399537047205364,17.423908030958785,30.0,72.15732125510003,23.178989030679077,0
23.534271157574736,65.0339830176715,88.72451400600453,77.25095786847997,126.12869350210485,58.77291066404276,27.650975994316756,50.53149156379209,132.62098893055438,13.894787682314748,1
19.18451996385605,58.77362290575671,83.58786782028837,75.16178287114958,129.54588782067762,60.93372374276651,23.324635811508706,39.517997018332274,102.66237669501868,15.346849013290347,0
46.871416350725646,47.79035826170336,87.11515528144858,63.585184047770476,130.2538842054241,48.69796275326076,15.3771794281095,64.23445794824953,146.43440162440106,15.962984593656525,1
38.816397569494505,50.26885838994531,128.93876155140774,74.31922544673941,110.80326843802344,80.0,12.01200415202284,37.25385029981418,120.03977066203221,25.0,2
29.920273586833826,52.08382807947552,101.72212781161329,78.00409525227683,129.86162253905763,75.16394055253573,18.364913411951143,30.0,131.86262956164114,8.0,2
44.79944138890026,30.0,140.0,77.54291329813574,123.10272225935826,66.02118320392483,18.93271610324781,40.2873625929748,91.27293134954364,18.41611507394404,2
30.773683076476182,47.52822617479403,101.53628602013917,81.88913371474644,125.06877177600228,60.72036861283745,22.480995936816583,30.0,102.32003305717915,14.425988756204681,0
21.387157986717362,43.180157520022014,112.76826954795555,77.08303847201064,144.43632003468815,57.87791030098848,17.323416437161704,52.5109945450731,106.24084091696747,17.833858630920897,1
45.23124077269657,39.983799901050844,133.13164928851813,73.51448207541583,117.43493105720744,50.48081539977764,22.557497876809308,30.0,145.70107440727668,11.713137230026378,1
35.38910043684659,47.18899707114045,140.0,80.70150238316427,138.13205186747976,60.774805185188626,29.675770200301145,45.28457581183159,170.32131263416468,14.75517484570775,2
19.627538456735437,67.97686526849523,140.0,69.7347874075094,127.21037069668192,62.57752540142751,24.077505112221314,30.0,95.8448474477137,18.557052897327477,1
28.096613219163917,56.4084286126701,128.12549345889713,61.18125348772282,127.20239831504166,47.58239424518376,19.759557463346137,41.79702195463358,152.3054443397304,25.0,1
21.24381746615243,44.28821010217203,125.36093788717193,68.36933036056236,137.90371896051712,63.341764172448976,19.084247644733527,61.43378155804534,60.0,19.040180947010356,0
16.17200269035664,55.72582781356159,118.88790423801774,62.55097355193551,133.40051294568892,58.44740951175251,18.216634329100643,48.60647891435795,84.17431796723132,10.759672009847456,0
